{"cameraMode":{"drawMode":0,"name":"Shaded","section":"Shading Mode"},"sceneLighting":true,"audioPlay":false,"sceneViewState":{"showFog":true,"showMaterialUpdate":true,"showSkybox":true,"showFlares":true,"showImageEffects":true,"showParticleSystems":true},"in2DMode":false,"pivot":{"x":655.0588989257813,"y":396.07391357421877,"z":158.29685974121095},"rotation":{"x":-0.039299458265304568,"y":-0.0024005563464015724,"z":0.00009454198880121112,"w":-0.9992230534553528},"size":1067.730712890625,"orthographic":false}