{"cameraMode":{"drawMode":0,"name":"Shaded","section":"Shading Mode"},"sceneLighting":true,"audioPlay":false,"sceneViewState":{"showFog":true,"showMaterialUpdate":true,"showSkybox":true,"showFlares":true,"showImageEffects":true,"showParticleSystems":true},"in2DMode":false,"pivot":{"x":0.44461488723754885,"y":6.268438339233398,"z":-1.9889423847198487},"rotation":{"x":-0.06355322897434235,"y":-0.14922229945659638,"z":0.008957844227552414,"w":-0.9868941307067871},"size":16.55470848083496,"orthographic":false}