{"cameraMode":{"drawMode":0,"name":"Shaded","section":"Shading Mode"},"sceneLighting":true,"audioPlay":false,"sceneViewState":{"showFog":true,"showMaterialUpdate":true,"showSkybox":true,"showFlares":true,"showImageEffects":true,"showParticleSystems":true},"in2DMode":false,"pivot":{"x":489.60430908203127,"y":619.5579223632813,"z":12.07183837890625},"rotation":{"x":-0.025215918198227884,"y":-0.0060409363359212879,"z":-0.0003240660298615694,"w":-0.9999178647994995},"size":687.1290893554688,"orthographic":false}