{"cameraMode":{"drawMode":0,"name":"Shaded","section":"Shading Mode"},"sceneLighting":false,"audioPlay":false,"sceneViewState":{"showFog":true,"showMaterialUpdate":true,"showSkybox":false,"showFlares":true,"showImageEffects":true,"showParticleSystems":true},"in2DMode":false,"pivot":{"x":903.7924194335938,"y":518.71240234375,"z":0.0},"rotation":{"x":-0.025215918198227884,"y":-0.0060409363359212879,"z":-0.0003240660298615694,"w":-0.9999178647994995},"size":1122.157958984375,"orthographic":false}