{"cameraMode":{"drawMode":0,"name":"Shaded","section":"Shading Mode"},"sceneLighting":true,"audioPlay":false,"sceneViewState":{"showFog":true,"showMaterialUpdate":true,"showSkybox":true,"showFlares":true,"showImageEffects":true,"showParticleSystems":true},"in2DMode":false,"pivot":{"x":305.237548828125,"y":183.91030883789063,"z":19.223495483398439},"rotation":{"x":-0.03270890936255455,"y":-0.03602714464068413,"z":0.0006668301648460329,"w":-0.9990083575248718},"size":363.2311706542969,"orthographic":false}