{"cameraMode":{"drawMode":0,"name":"Shaded","section":"Shading Mode"},"sceneLighting":true,"audioPlay":false,"sceneViewState":{"showFog":true,"showMaterialUpdate":true,"showSkybox":true,"showFlares":true,"showImageEffects":true,"showParticleSystems":true},"in2DMode":false,"pivot":{"x":-6.077688217163086,"y":-8.316951751708985,"z":1.9389057159423829},"rotation":{"x":-0.4205686151981354,"y":-0.27446940541267397,"z":0.13441349565982819,"w":-0.8544444441795349},"size":68.53717041015625,"orthographic":false}